,preg,plas,pres,skin,insu,mass,pedi,age,class
0,6,148,72,35,0,33.6,0.627,50,tested_positive
1,1,85,66,29,0,26.6,0.351,31,tested_negative
2,8,183,64,0,0,23.3,0.672,32,tested_positive
3,1,89,66,23,94,28.1,0.167,21,tested_negative
4,0,137,40,35,168,43.1,2.288,33,tested_positive
5,5,116,74,0,0,25.6,0.201,30,tested_negative
6,3,78,50,32,88,31.0,0.248,26,tested_positive
7,10,115,0,0,0,35.3,0.134,29,tested_negative
8,2,197,70,45,543,30.5,0.158,53,tested_positive
9,8,125,96,0,0,0.0,0.232,54,tested_positive
10,4,110,92,0,0,37.6,0.191,30,tested_negative
11,10,168,74,0,0,38.0,0.537,34,tested_positive
12,10,139,80,0,0,27.1,1.441,57,tested_negative
13,1,189,60,23,846,30.1,0.398,59,tested_positive
14,5,166,72,19,175,25.8,0.587,51,tested_positive
15,7,100,0,0,0,30.0,0.484,32,tested_positive
16,0,118,84,47,230,45.8,0.551,31,tested_positive
17,7,107,74,0,0,29.6,0.254,31,tested_positive
18,1,103,30,38,83,43.3,0.183,33,tested_negative
19,1,115,70,30,96,34.6,0.529,32,tested_positive
20,3,126,88,41,235,39.3,0.704,27,tested_negative
21,8,99,84,0,0,35.4,0.388,50,tested_negative
22,7,196,90,0,0,39.8,0.451,41,tested_positive
23,9,119,80,35,0,29.0,0.263,29,tested_positive
24,11,143,94,33,146,36.6,0.254,51,tested_positive
25,10,125,70,26,115,31.1,0.205,41,tested_positive
26,7,147,76,0,0,39.4,0.257,43,tested_positive
27,1,97,66,15,140,23.2,0.487,22,tested_negative
28,13,145,82,19,110,22.2,0.245,57,tested_negative
29,5,117,92,0,0,34.1,0.337,38,tested_negative
30,5,109,75,26,0,36.0,0.546,60,tested_negative
31,3,158,76,36,245,31.6,0.851,28,tested_positive
32,3,88,58,11,54,24.8,0.267,22,tested_negative
33,6,92,92,0,0,19.9,0.188,28,tested_negative
34,10,122,78,31,0,27.6,0.512,45,tested_negative
35,4,103,60,33,192,24.0,0.966,33,tested_negative
36,11,138,76,0,0,33.2,0.42,35,tested_negative
37,9,102,76,37,0,32.9,0.665,46,tested_positive
38,2,90,68,42,0,38.2,0.503,27,tested_positive
39,4,111,72,47,207,37.1,1.39,56,tested_positive
40,3,180,64,25,70,34.0,0.271,26,tested_negative
41,7,133,84,0,0,40.2,0.696,37,tested_negative
42,7,106,92,18,0,22.7,0.235,48,tested_negative
43,9,171,110,24,240,45.4,0.721,54,tested_positive
44,7,159,64,0,0,27.4,0.294,40,tested_negative
45,0,180,66,39,0,42.0,1.893,25,tested_positive
46,1,146,56,0,0,29.7,0.564,29,tested_negative
47,2,71,70,27,0,28.0,0.586,22,tested_negative
48,7,103,66,32,0,39.1,0.344,31,tested_positive
49,7,105,0,0,0,0.0,0.305,24,tested_negative
50,1,103,80,11,82,19.4,0.491,22,tested_negative
51,1,101,50,15,36,24.2,0.526,26,tested_negative
52,5,88,66,21,23,24.4,0.342,30,tested_negative
53,8,176,90,34,300,33.7,0.467,58,tested_positive
54,7,150,66,42,342,34.7,0.718,42,tested_negative
55,1,73,50,10,0,23.0,0.248,21,tested_negative
56,7,187,68,39,304,37.7,0.254,41,tested_positive
57,0,100,88,60,110,46.8,0.962,31,tested_negative
58,0,146,82,0,0,40.5,1.781,44,tested_negative
59,0,105,64,41,142,41.5,0.173,22,tested_negative
60,2,84,0,0,0,0.0,0.304,21,tested_negative
61,8,133,72,0,0,32.9,0.27,39,tested_positive
62,5,44,62,0,0,25.0,0.587,36,tested_negative
63,2,141,58,34,128,25.4,0.699,24,tested_negative
64,7,114,66,0,0,32.8,0.258,42,tested_positive
65,5,99,74,27,0,29.0,0.203,32,tested_negative
66,0,109,88,30,0,32.5,0.855,38,tested_positive
67,2,109,92,0,0,42.7,0.845,54,tested_negative
68,1,95,66,13,38,19.6,0.334,25,tested_negative
69,4,146,85,27,100,28.9,0.189,27,tested_negative
70,2,100,66,20,90,32.9,0.867,28,tested_positive
71,5,139,64,35,140,28.6,0.411,26,tested_negative
72,13,126,90,0,0,43.4,0.583,42,tested_positive
73,4,129,86,20,270,35.1,0.231,23,tested_negative
74,1,79,75,30,0,32.0,0.396,22,tested_negative
75,1,0,48,20,0,24.7,0.14,22,tested_negative
76,7,62,78,0,0,32.6,0.391,41,tested_negative
77,5,95,72,33,0,37.7,0.37,27,tested_negative
78,0,131,0,0,0,43.2,0.27,26,tested_positive
79,2,112,66,22,0,25.0,0.307,24,tested_negative
80,3,113,44,13,0,22.4,0.14,22,tested_negative
81,2,74,0,0,0,0.0,0.102,22,tested_negative
82,7,83,78,26,71,29.3,0.767,36,tested_negative
83,0,101,65,28,0,24.6,0.237,22,tested_negative
84,5,137,108,0,0,48.8,0.227,37,tested_positive
85,2,110,74,29,125,32.4,0.698,27,tested_negative
86,13,106,72,54,0,36.6,0.178,45,tested_negative
87,2,100,68,25,71,38.5,0.324,26,tested_negative
88,15,136,70,32,110,37.1,0.153,43,tested_positive
89,1,107,68,19,0,26.5,0.165,24,tested_negative
90,1,80,55,0,0,19.1,0.258,21,tested_negative
91,4,123,80,15,176,32.0,0.443,34,tested_negative
92,7,81,78,40,48,46.7,0.261,42,tested_negative
93,4,134,72,0,0,23.8,0.277,60,tested_positive
94,2,142,82,18,64,24.7,0.761,21,tested_negative
95,6,144,72,27,228,33.9,0.255,40,tested_negative
96,2,92,62,28,0,31.6,0.13,24,tested_negative
97,1,71,48,18,76,20.4,0.323,22,tested_negative
98,6,93,50,30,64,28.7,0.356,23,tested_negative
99,1,122,90,51,220,49.7,0.325,31,tested_positive
100,1,163,72,0,0,39.0,1.222,33,tested_positive
101,1,151,60,0,0,26.1,0.179,22,tested_negative
102,0,125,96,0,0,22.5,0.262,21,tested_negative
103,1,81,72,18,40,26.6,0.283,24,tested_negative
104,2,85,65,0,0,39.6,0.93,27,tested_negative
105,1,126,56,29,152,28.7,0.801,21,tested_negative
106,1,96,122,0,0,22.4,0.207,27,tested_negative
107,4,144,58,28,140,29.5,0.287,37,tested_negative
108,3,83,58,31,18,34.3,0.336,25,tested_negative
109,0,95,85,25,36,37.4,0.247,24,tested_positive
110,3,171,72,33,135,33.3,0.199,24,tested_positive
111,8,155,62,26,495,34.0,0.543,46,tested_positive
112,1,89,76,34,37,31.2,0.192,23,tested_negative
113,4,76,62,0,0,34.0,0.391,25,tested_negative
114,7,160,54,32,175,30.5,0.588,39,tested_positive
115,4,146,92,0,0,31.2,0.539,61,tested_positive
116,5,124,74,0,0,34.0,0.22,38,tested_positive
117,5,78,48,0,0,33.7,0.654,25,tested_negative
118,4,97,60,23,0,28.2,0.443,22,tested_negative
119,4,99,76,15,51,23.2,0.223,21,tested_negative
120,0,162,76,56,100,53.2,0.759,25,tested_positive
121,6,111,64,39,0,34.2,0.26,24,tested_negative
122,2,107,74,30,100,33.6,0.404,23,tested_negative
123,5,132,80,0,0,26.8,0.186,69,tested_negative
124,0,113,76,0,0,33.3,0.278,23,tested_positive
125,1,88,30,42,99,55.0,0.496,26,tested_positive
126,3,120,70,30,135,42.9,0.452,30,tested_negative
127,1,118,58,36,94,33.3,0.261,23,tested_negative
128,1,117,88,24,145,34.5,0.403,40,tested_positive
129,0,105,84,0,0,27.9,0.741,62,tested_positive
130,4,173,70,14,168,29.7,0.361,33,tested_positive
131,9,122,56,0,0,33.3,1.114,33,tested_positive
132,3,170,64,37,225,34.5,0.356,30,tested_positive
133,8,84,74,31,0,38.3,0.457,39,tested_negative
134,2,96,68,13,49,21.1,0.647,26,tested_negative
135,2,125,60,20,140,33.8,0.088,31,tested_negative
136,0,100,70,26,50,30.8,0.597,21,tested_negative
137,0,93,60,25,92,28.7,0.532,22,tested_negative
138,0,129,80,0,0,31.2,0.703,29,tested_negative
139,5,105,72,29,325,36.9,0.159,28,tested_negative
140,3,128,78,0,0,21.1,0.268,55,tested_negative
141,5,106,82,30,0,39.5,0.286,38,tested_negative
142,2,108,52,26,63,32.5,0.318,22,tested_negative
143,10,108,66,0,0,32.4,0.272,42,tested_positive
144,4,154,62,31,284,32.8,0.237,23,tested_negative
145,0,102,75,23,0,0.0,0.572,21,tested_negative
146,9,57,80,37,0,32.8,0.096,41,tested_negative
147,2,106,64,35,119,30.5,1.4,34,tested_negative
148,5,147,78,0,0,33.7,0.218,65,tested_negative
149,2,90,70,17,0,27.3,0.085,22,tested_negative
150,1,136,74,50,204,37.4,0.399,24,tested_negative
151,4,114,65,0,0,21.9,0.432,37,tested_negative
152,9,156,86,28,155,34.3,1.189,42,tested_positive
153,1,153,82,42,485,40.6,0.687,23,tested_negative
154,8,188,78,0,0,47.9,0.137,43,tested_positive
155,7,152,88,44,0,50.0,0.337,36,tested_positive
156,2,99,52,15,94,24.6,0.637,21,tested_negative
157,1,109,56,21,135,25.2,0.833,23,tested_negative
158,2,88,74,19,53,29.0,0.229,22,tested_negative
159,17,163,72,41,114,40.9,0.817,47,tested_positive
160,4,151,90,38,0,29.7,0.294,36,tested_negative
161,7,102,74,40,105,37.2,0.204,45,tested_negative
162,0,114,80,34,285,44.2,0.167,27,tested_negative
163,2,100,64,23,0,29.7,0.368,21,tested_negative
164,0,131,88,0,0,31.6,0.743,32,tested_positive
165,6,104,74,18,156,29.9,0.722,41,tested_positive
166,3,148,66,25,0,32.5,0.256,22,tested_negative
167,4,120,68,0,0,29.6,0.709,34,tested_negative
168,4,110,66,0,0,31.9,0.471,29,tested_negative
169,3,111,90,12,78,28.4,0.495,29,tested_negative
170,6,102,82,0,0,30.8,0.18,36,tested_positive
171,6,134,70,23,130,35.4,0.542,29,tested_positive
172,2,87,0,23,0,28.9,0.773,25,tested_negative
173,1,79,60,42,48,43.5,0.678,23,tested_negative
174,2,75,64,24,55,29.7,0.37,33,tested_negative
175,8,179,72,42,130,32.7,0.719,36,tested_positive
176,6,85,78,0,0,31.2,0.382,42,tested_negative
177,0,129,110,46,130,67.1,0.319,26,tested_positive
178,5,143,78,0,0,45.0,0.19,47,tested_negative
179,5,130,82,0,0,39.1,0.956,37,tested_positive
180,6,87,80,0,0,23.2,0.084,32,tested_negative
181,0,119,64,18,92,34.9,0.725,23,tested_negative
182,1,0,74,20,23,27.7,0.299,21,tested_negative
183,5,73,60,0,0,26.8,0.268,27,tested_negative
184,4,141,74,0,0,27.6,0.244,40,tested_negative
185,7,194,68,28,0,35.9,0.745,41,tested_positive
186,8,181,68,36,495,30.1,0.615,60,tested_positive
187,1,128,98,41,58,32.0,1.321,33,tested_positive
188,8,109,76,39,114,27.9,0.64,31,tested_positive
189,5,139,80,35,160,31.6,0.361,25,tested_positive
190,3,111,62,0,0,22.6,0.142,21,tested_negative
191,9,123,70,44,94,33.1,0.374,40,tested_negative
192,7,159,66,0,0,30.4,0.383,36,tested_positive
193,11,135,0,0,0,52.3,0.578,40,tested_positive
194,8,85,55,20,0,24.4,0.136,42,tested_negative
195,5,158,84,41,210,39.4,0.395,29,tested_positive
196,1,105,58,0,0,24.3,0.187,21,tested_negative
197,3,107,62,13,48,22.9,0.678,23,tested_positive
198,4,109,64,44,99,34.8,0.905,26,tested_positive
199,4,148,60,27,318,30.9,0.15,29,tested_positive
200,0,113,80,16,0,31.0,0.874,21,tested_negative
201,1,138,82,0,0,40.1,0.236,28,tested_negative
202,0,108,68,20,0,27.3,0.787,32,tested_negative
203,2,99,70,16,44,20.4,0.235,27,tested_negative
204,6,103,72,32,190,37.7,0.324,55,tested_negative
205,5,111,72,28,0,23.9,0.407,27,tested_negative
206,8,196,76,29,280,37.5,0.605,57,tested_positive
207,5,162,104,0,0,37.7,0.151,52,tested_positive
208,1,96,64,27,87,33.2,0.289,21,tested_negative
209,7,184,84,33,0,35.5,0.355,41,tested_positive
210,2,81,60,22,0,27.7,0.29,25,tested_negative
211,0,147,85,54,0,42.8,0.375,24,tested_negative
212,7,179,95,31,0,34.2,0.164,60,tested_negative
213,0,140,65,26,130,42.6,0.431,24,tested_positive
214,9,112,82,32,175,34.2,0.26,36,tested_positive
215,12,151,70,40,271,41.8,0.742,38,tested_positive
216,5,109,62,41,129,35.8,0.514,25,tested_positive
217,6,125,68,30,120,30.0,0.464,32,tested_negative
218,5,85,74,22,0,29.0,1.224,32,tested_positive
219,5,112,66,0,0,37.8,0.261,41,tested_positive
220,0,177,60,29,478,34.6,1.072,21,tested_positive
221,2,158,90,0,0,31.6,0.805,66,tested_positive
222,7,119,0,0,0,25.2,0.209,37,tested_negative
223,7,142,60,33,190,28.8,0.687,61,tested_negative
224,1,100,66,15,56,23.6,0.666,26,tested_negative
225,1,87,78,27,32,34.6,0.101,22,tested_negative
226,0,101,76,0,0,35.7,0.198,26,tested_negative
227,3,162,52,38,0,37.2,0.652,24,tested_positive
228,4,197,70,39,744,36.7,2.329,31,tested_negative
229,0,117,80,31,53,45.2,0.089,24,tested_negative
230,4,142,86,0,0,44.0,0.645,22,tested_positive
231,6,134,80,37,370,46.2,0.238,46,tested_positive
232,1,79,80,25,37,25.4,0.583,22,tested_negative
233,4,122,68,0,0,35.0,0.394,29,tested_negative
234,3,74,68,28,45,29.7,0.293,23,tested_negative
235,4,171,72,0,0,43.6,0.479,26,tested_positive
236,7,181,84,21,192,35.9,0.586,51,tested_positive
237,0,179,90,27,0,44.1,0.686,23,tested_positive
238,9,164,84,21,0,30.8,0.831,32,tested_positive
239,0,104,76,0,0,18.4,0.582,27,tested_negative
240,1,91,64,24,0,29.2,0.192,21,tested_negative
241,4,91,70,32,88,33.1,0.446,22,tested_negative
242,3,139,54,0,0,25.6,0.402,22,tested_positive
243,6,119,50,22,176,27.1,1.318,33,tested_positive
244,2,146,76,35,194,38.2,0.329,29,tested_negative
245,9,184,85,15,0,30.0,1.213,49,tested_positive
246,10,122,68,0,0,31.2,0.258,41,tested_negative
247,0,165,90,33,680,52.3,0.427,23,tested_negative
248,9,124,70,33,402,35.4,0.282,34,tested_negative
249,1,111,86,19,0,30.1,0.143,23,tested_negative
250,9,106,52,0,0,31.2,0.38,42,tested_negative
251,2,129,84,0,0,28.0,0.284,27,tested_negative
252,2,90,80,14,55,24.4,0.249,24,tested_negative
253,0,86,68,32,0,35.8,0.238,25,tested_negative
254,12,92,62,7,258,27.6,0.926,44,tested_positive
255,1,113,64,35,0,33.6,0.543,21,tested_positive
256,3,111,56,39,0,30.1,0.557,30,tested_negative
257,2,114,68,22,0,28.7,0.092,25,tested_negative
258,1,193,50,16,375,25.9,0.655,24,tested_negative
259,11,155,76,28,150,33.3,1.353,51,tested_positive
260,3,191,68,15,130,30.9,0.299,34,tested_negative
261,3,141,0,0,0,30.0,0.761,27,tested_positive
262,4,95,70,32,0,32.1,0.612,24,tested_negative
263,3,142,80,15,0,32.4,0.2,63,tested_negative
264,4,123,62,0,0,32.0,0.226,35,tested_positive
265,5,96,74,18,67,33.6,0.997,43,tested_negative
266,0,138,0,0,0,36.3,0.933,25,tested_positive
267,2,128,64,42,0,40.0,1.101,24,tested_negative
268,0,102,52,0,0,25.1,0.078,21,tested_negative
269,2,146,0,0,0,27.5,0.24,28,tested_positive
270,10,101,86,37,0,45.6,1.136,38,tested_positive
271,2,108,62,32,56,25.2,0.128,21,tested_negative
272,3,122,78,0,0,23.0,0.254,40,tested_negative
273,1,71,78,50,45,33.2,0.422,21,tested_negative
274,13,106,70,0,0,34.2,0.251,52,tested_negative
275,2,100,70,52,57,40.5,0.677,25,tested_negative
276,7,106,60,24,0,26.5,0.296,29,tested_positive
277,0,104,64,23,116,27.8,0.454,23,tested_negative
278,5,114,74,0,0,24.9,0.744,57,tested_negative
279,2,108,62,10,278,25.3,0.881,22,tested_negative
280,0,146,70,0,0,37.9,0.334,28,tested_positive
281,10,129,76,28,122,35.9,0.28,39,tested_negative
282,7,133,88,15,155,32.4,0.262,37,tested_negative
283,7,161,86,0,0,30.4,0.165,47,tested_positive
284,2,108,80,0,0,27.0,0.259,52,tested_positive
285,7,136,74,26,135,26.0,0.647,51,tested_negative
286,5,155,84,44,545,38.7,0.619,34,tested_negative
287,1,119,86,39,220,45.6,0.808,29,tested_positive
288,4,96,56,17,49,20.8,0.34,26,tested_negative
289,5,108,72,43,75,36.1,0.263,33,tested_negative
290,0,78,88,29,40,36.9,0.434,21,tested_negative
291,0,107,62,30,74,36.6,0.757,25,tested_positive
292,2,128,78,37,182,43.3,1.224,31,tested_positive
293,1,128,48,45,194,40.5,0.613,24,tested_positive
294,0,161,50,0,0,21.9,0.254,65,tested_negative
295,6,151,62,31,120,35.5,0.692,28,tested_negative
296,2,146,70,38,360,28.0,0.337,29,tested_positive
297,0,126,84,29,215,30.7,0.52,24,tested_negative
298,14,100,78,25,184,36.6,0.412,46,tested_positive
299,8,112,72,0,0,23.6,0.84,58,tested_negative
300,0,167,0,0,0,32.3,0.839,30,tested_positive
301,2,144,58,33,135,31.6,0.422,25,tested_positive
302,5,77,82,41,42,35.8,0.156,35,tested_negative
303,5,115,98,0,0,52.9,0.209,28,tested_positive
304,3,150,76,0,0,21.0,0.207,37,tested_negative
305,2,120,76,37,105,39.7,0.215,29,tested_negative
306,10,161,68,23,132,25.5,0.326,47,tested_positive
307,0,137,68,14,148,24.8,0.143,21,tested_negative
308,0,128,68,19,180,30.5,1.391,25,tested_positive
309,2,124,68,28,205,32.9,0.875,30,tested_positive
310,6,80,66,30,0,26.2,0.313,41,tested_negative
311,0,106,70,37,148,39.4,0.605,22,tested_negative
312,2,155,74,17,96,26.6,0.433,27,tested_positive
313,3,113,50,10,85,29.5,0.626,25,tested_negative
314,7,109,80,31,0,35.9,1.127,43,tested_positive
315,2,112,68,22,94,34.1,0.315,26,tested_negative
316,3,99,80,11,64,19.3,0.284,30,tested_negative
317,3,182,74,0,0,30.5,0.345,29,tested_positive
318,3,115,66,39,140,38.1,0.15,28,tested_negative
319,6,194,78,0,0,23.5,0.129,59,tested_positive
320,4,129,60,12,231,27.5,0.527,31,tested_negative
321,3,112,74,30,0,31.6,0.197,25,tested_positive
322,0,124,70,20,0,27.4,0.254,36,tested_positive
323,13,152,90,33,29,26.8,0.731,43,tested_positive
324,2,112,75,32,0,35.7,0.148,21,tested_negative
325,1,157,72,21,168,25.6,0.123,24,tested_negative
326,1,122,64,32,156,35.1,0.692,30,tested_positive
327,10,179,70,0,0,35.1,0.2,37,tested_negative
328,2,102,86,36,120,45.5,0.127,23,tested_positive
329,6,105,70,32,68,30.8,0.122,37,tested_negative
330,8,118,72,19,0,23.1,1.476,46,tested_negative
331,2,87,58,16,52,32.7,0.166,25,tested_negative
332,1,180,0,0,0,43.3,0.282,41,tested_positive
333,12,106,80,0,0,23.6,0.137,44,tested_negative
334,1,95,60,18,58,23.9,0.26,22,tested_negative
335,0,165,76,43,255,47.9,0.259,26,tested_negative
336,0,117,0,0,0,33.8,0.932,44,tested_negative
337,5,115,76,0,0,31.2,0.343,44,tested_positive
338,9,152,78,34,171,34.2,0.893,33,tested_positive
339,7,178,84,0,0,39.9,0.331,41,tested_positive
340,1,130,70,13,105,25.9,0.472,22,tested_negative
341,1,95,74,21,73,25.9,0.673,36,tested_negative
342,1,0,68,35,0,32.0,0.389,22,tested_negative
343,5,122,86,0,0,34.7,0.29,33,tested_negative
344,8,95,72,0,0,36.8,0.485,57,tested_negative
345,8,126,88,36,108,38.5,0.349,49,tested_negative
346,1,139,46,19,83,28.7,0.654,22,tested_negative
347,3,116,0,0,0,23.5,0.187,23,tested_negative
348,3,99,62,19,74,21.8,0.279,26,tested_negative
349,5,0,80,32,0,41.0,0.346,37,tested_positive
350,4,92,80,0,0,42.2,0.237,29,tested_negative
351,4,137,84,0,0,31.2,0.252,30,tested_negative
352,3,61,82,28,0,34.4,0.243,46,tested_negative
353,1,90,62,12,43,27.2,0.58,24,tested_negative
354,3,90,78,0,0,42.7,0.559,21,tested_negative
355,9,165,88,0,0,30.4,0.302,49,tested_positive
356,1,125,50,40,167,33.3,0.962,28,tested_positive
357,13,129,0,30,0,39.9,0.569,44,tested_positive
358,12,88,74,40,54,35.3,0.378,48,tested_negative
359,1,196,76,36,249,36.5,0.875,29,tested_positive
360,5,189,64,33,325,31.2,0.583,29,tested_positive
361,5,158,70,0,0,29.8,0.207,63,tested_negative
362,5,103,108,37,0,39.2,0.305,65,tested_negative
363,4,146,78,0,0,38.5,0.52,67,tested_positive
364,4,147,74,25,293,34.9,0.385,30,tested_negative
365,5,99,54,28,83,34.0,0.499,30,tested_negative
366,6,124,72,0,0,27.6,0.368,29,tested_positive
367,0,101,64,17,0,21.0,0.252,21,tested_negative
368,3,81,86,16,66,27.5,0.306,22,tested_negative
369,1,133,102,28,140,32.8,0.234,45,tested_positive
370,3,173,82,48,465,38.4,2.137,25,tested_positive
371,0,118,64,23,89,0.0,1.731,21,tested_negative
372,0,84,64,22,66,35.8,0.545,21,tested_negative
373,2,105,58,40,94,34.9,0.225,25,tested_negative
374,2,122,52,43,158,36.2,0.816,28,tested_negative
375,12,140,82,43,325,39.2,0.528,58,tested_positive
376,0,98,82,15,84,25.2,0.299,22,tested_negative
377,1,87,60,37,75,37.2,0.509,22,tested_negative
378,4,156,75,0,0,48.3,0.238,32,tested_positive
379,0,93,100,39,72,43.4,1.021,35,tested_negative
380,1,107,72,30,82,30.8,0.821,24,tested_negative
381,0,105,68,22,0,20.0,0.236,22,tested_negative
382,1,109,60,8,182,25.4,0.947,21,tested_negative
383,1,90,62,18,59,25.1,1.268,25,tested_negative
